{"blog-sidebar":{"custom_html-19":{"title":"","content":"<div class=\"sidebar__author\">\r\n   <div class=\"sidebar__author-thumb\">\r\n      <img src=\"https:\/\/weblearnbd.net\/wp\/harry\/wp-content\/uploads\/2023\/01\/sidebar-author.jpg\" alt=\"author\">\r\n   <\/div>\r\n   <div class=\"sidebar__author-content\">\r\n      <h3 class=\"sidebar__author-title\">Colene Landin<\/h3>\r\n      <p>Lorem ipsum dolor ametare elit consectetur adipiscing Aenean pellentesque.<\/p>\r\n\r\n      <div class=\"sidebar__author-social d-flex align-items-center justify-content-center\">\r\n         <a href=\"#\"><i class=\"fa-brands fa-facebook-f\"><\/i><\/a>\r\n         <a href=\"#\"><i class=\"fa-brands fa-twitter\"><\/i><\/a>\r\n         <a href=\"#\"><i class=\"fa-brands fa-linkedin-in\"><\/i><\/a>\r\n      <\/div>\r\n   <\/div>\r\n<\/div>"},"categories-2":{"title":"Categories","count":0,"hierarchical":0,"dropdown":0},"tp-latest-posts-2":{"title":" Recent Post ","count":"3","posts_order":"DESC"},"tag_cloud-2":{"title":"Tags","count":0,"taxonomy":"post_tag"}},"services-sidebar":{"tp-services-list-3":{"title":"","count":"4","posts_order":"DESC"},"tp_service_sidebar_widget-3":{"title":"Get a free quote","subscribe_style":"","mailchimp_shortcode":"[contact-form-7 id=\"4399\" title=\"services-details-contact\"]","mailchimp_text":"","social_heading":"","facebook":"","twitter":"","instagram":"","youtube":"","linkedin":""},"text-7":{"title":"","text":"<div class=\"services__contact-info-item d-flex align-items-center\">\r\n   <div class=\"services__contact-info-icon\">\r\n      <span><svg width=\"32\" height=\"32\" viewbox=\"0 0 32 32\" fill=\"none\" xmlns=\"http:\/\/www.w3.org\/2000\/svg\"><path d=\"M19.582 6.74489C20.9848 7.01859 22.2741 7.70466 23.2847 8.7153C24.2953 9.72594 24.9814 11.0152 25.2551 12.418M19.582 1C22.4965 1.32378 25.2143 2.62893 27.2891 4.70116C29.364 6.77339 30.6726 9.48953 31 12.4036M29.5638 23.8647V28.1733C29.5654 28.5733 29.4835 28.9693 29.3232 29.3357C29.163 29.7022 28.928 30.0312 28.6332 30.3016C28.3385 30.572 27.9905 30.7779 27.6116 30.9061C27.2327 31.0342 26.8312 31.0818 26.4328 31.0458C22.0133 30.5656 17.7681 29.0554 14.0382 26.6366C10.568 24.4315 7.62595 21.4894 5.42086 18.0192C2.99361 14.2724 1.48309 10.0065 1.01166 5.56719C0.975767 5.17003 1.02297 4.76974 1.15025 4.39182C1.27754 4.0139 1.48212 3.66662 1.75098 3.3721C2.01983 3.07757 2.34706 2.84226 2.71185 2.68113C3.07663 2.52 3.47096 2.4366 3.86974 2.43622H8.17841C8.87542 2.42936 9.55114 2.67619 10.0796 3.13068C10.6081 3.58518 10.9533 4.21635 11.0509 4.90653C11.2327 6.2854 11.57 7.63927 12.0562 8.94231C12.2494 9.45637 12.2913 10.0151 12.1767 10.5521C12.0622 11.0892 11.7961 11.5823 11.4099 11.9727L9.58591 13.7967C11.6305 17.3924 14.6076 20.3695 18.2033 22.4141L20.0273 20.5901C20.4177 20.2039 20.9108 19.9378 21.4478 19.8233C21.9849 19.7087 22.5436 19.7506 23.0577 19.9438C24.3607 20.43 25.7146 20.7673 27.0935 20.9491C27.7911 21.0476 28.4283 21.399 28.8838 21.9365C29.3392 22.4741 29.5813 23.1603 29.5638 23.8647Z\" stroke=\"currentColor\" stroke-width=\"1.5\" stroke-linecap=\"round\" stroke-linejoin=\"round\"><\/path><\/svg><\/span><\/div>\r\n<div class=\"services__contact-info-content\">\r\n<span>Toll Free Call Center:<\/span><h4><a href=\"tel:+964-742-44-763\">+964 742 44 763<\/a><\/h4><\/div><\/div>","filter":true,"visual":true}},"product-sidebar":{"text-2":{"title":"","text":"[yith_wcan_filters slug=\"draft-preset\"]","filter":true,"visual":true},"woocommerce_price_filter-2":{"title":"Price"}},"footer-1":{"custom_html-3":{"title":"","content":"   <div class=\"footer__logo\">\r\n      <a href=\"https:\/\/weblearnbd.net\/wp\/harry\/\">\r\n         <img src=\"https:\/\/weblearnbd.net\/wp\/harry\/wp-content\/themes\/harry\/assets\/img\/logo\/logo.svg\" alt=\"\">\r\n      <\/a>\r\n   <\/div>\r\n\r\n   <div class=\"footer__widget-content\">\r\n      <div class=\"footer__info\">\r\n         <p>The home and elements needed to create beautiful products.<\/p>\r\n         \r\n         <div class=\"footer__contact\">\r\n            <div class=\"footer__contact-call\">\r\n               <span><a href=\"tel:624-423-26-72\"><i class=\"fa-solid fa-phone\"><\/i> +624 423 26 72<\/a><\/span>\r\n            <\/div>\r\n            <div class=\"footer__contact-mail\">\r\n               <span><a href=\"mailto:support@harry.com\">support@harry.com<\/a><\/span>\r\n            <\/div>\r\n         <\/div>\r\n         <div class=\"footer__social\">\r\n            <a href=\"#\"><i class=\"fa-brands fa-facebook-f\"><\/i><\/a>\r\n            <a href=\"#\"><i class=\"fa-brands fa-twitter\"><\/i><\/a>\r\n            <a href=\"#\"><i class=\"fa-brands fa-linkedin-in\"><\/i><\/a>\r\n            <a href=\"#\"><i class=\"fa-brands fa-youtube\"><\/i><\/a>\r\n         <\/div>\r\n      <\/div>\r\n   <\/div>"}},"footer-2":{"nav_menu-2":{"title":"Quick Link","nav_menu":70}},"footer-3":{"nav_menu-3":{"title":"Resources","nav_menu":71}},"footer-4":{"custom_html-4":{"title":"Downloads","content":"<div class=\"footer__widget-content\">\r\n   <div class=\"footer__app mb-30\">\r\n      <div class=\"footer__app-item\">\r\n         <a href=\"#\" class=\"tp-btn-app\"><svg width=\"15\" height=\"16\" viewbox=\"0 0 15 16\" fill=\"none\" xmlns=\"http:\/\/www.w3.org\/2000\/svg\">\r\n            <path d=\"M6.72221 12.4448V14.7782C6.72221 15.206 6.3722 15.556 5.94442 15.556C5.51663 15.556 5.16663 15.206 5.16663 14.7782V12.4448H6.72221Z\" fill=\"currentColor\"><\/path>\r\n            <path d=\"M9.83329 12.4448V14.7782C9.83329 15.206 9.48328 15.556 9.0555 15.556C8.62772 15.556 8.27771 15.206 8.27771 14.7782V12.4448H9.83329Z\" fill=\"currentColor\"><\/path>\r\n            <path d=\"M11.3891 6.99992V10.8889C11.3891 11.7444 10.6891 12.4444 9.83352 12.4444H5.16679C4.31122 12.4444 3.61121 11.7444 3.61121 10.8889V6.99992C3.61121 6.14435 4.31122 5.44434 5.16679 5.44434H9.83352C10.6891 5.44434 11.3891 6.14435 11.3891 6.99992Z\" fill=\"currentColor\"><\/path>\r\n            <path d=\"M2.05558 6.99947V10.1106C2.05558 10.5384 1.70557 10.8884 1.27779 10.8884C0.850005 10.8884 0.5 10.5384 0.5 10.1106V6.99947C0.5 6.57169 0.850005 6.22168 1.27779 6.22168C1.70557 6.22168 2.05558 6.57169 2.05558 6.99947Z\" fill=\"currentColor\"><\/path>\r\n            <path d=\"M14.4999 6.99947V10.1106C14.4999 10.5384 14.1499 10.8884 13.7221 10.8884C13.2943 10.8884 12.9443 10.5384 12.9443 10.1106V6.99947C12.9443 6.57169 13.2943 6.22168 13.7221 6.22168C14.1499 6.22168 14.4999 6.57169 14.4999 6.99947Z\" fill=\"currentColor\"><\/path>\r\n            <path d=\"M5.63336 4.35563H9.36679C10.0512 4.35563 10.6112 3.79561 10.6112 3.11116C10.6112 1.39224 9.21899 0 7.50008 0C5.78116 0 4.38892 1.39224 4.38892 3.11116C4.38892 3.79561 4.94891 4.35563 5.63336 4.35563Z\" fill=\"currentColor\"><\/path>\r\n            <\/svg>\r\n            Android<\/a>\r\n      <\/div>\r\n      <div class=\"footer__app-item\">\r\n         <a href=\"#\" class=\"tp-btn-app\"><svg width=\"13\" height=\"17\" viewbox=\"0 0 13 17\" fill=\"none\" xmlns=\"http:\/\/www.w3.org\/2000\/svg\">\r\n            <path fill-rule=\"evenodd\" clip-rule=\"evenodd\" d=\"M9.33685 0C9.50336 0.915787 9.08709 1.83157 8.58757 2.4976C8.08805 3.16363 7.17226 3.7464 6.25648 3.66315C6.08997 2.74736 6.50624 1.91483 7.00576 1.2488C7.58853 0.582774 8.50432 0.0832534 9.33685 0ZM12.001 14.4861C12.4172 13.8201 12.667 13.4038 13 12.6545C10.4191 11.6555 10.0029 7.99232 12.5837 6.66027C11.8345 5.66123 10.7522 5.16171 9.66987 5.16171C8.92059 5.16171 8.42107 5.32822 7.92155 5.49472C7.50528 5.66123 7.17227 5.74448 6.756 5.74448C6.25648 5.74448 5.92346 5.57798 5.42394 5.41147C4.92442 5.24496 4.4249 5.07846 3.84213 5.07846C2.67658 5.07846 1.42778 5.74448 0.678502 6.99328C-0.403791 8.65835 -0.237284 11.9052 1.51104 14.5693C2.26032 15.5684 3.09285 16.6507 4.17514 16.6507C4.67466 16.6507 4.92442 16.4842 5.25744 16.4009C5.6737 16.2344 6.08997 16.0679 6.756 16.0679C7.50528 16.0679 7.83829 16.2344 8.25456 16.4009C8.58757 16.5674 8.83733 16.6507 9.33685 16.6507C10.5024 16.6507 11.3349 15.4019 12.001 14.4861Z\" fill=\"currentColor\"><\/path>\r\n            <\/svg>\r\n             Mac iOS<\/a>\r\n      <\/div>\r\n   <\/div>\r\n   <div class=\"footer__qrcode d-flex align-items-center\">\r\n      <div class=\"footer__qrcode-thumb mr-10\">\r\n         <a class=\"popup-image\" href=\"https:\/\/weblearnbd.net\/wp\/harry\/wp-content\/uploads\/2023\/01\/qrcode.png\">\r\n            <img src=\"https:\/\/weblearnbd.net\/wp\/harry\/wp-content\/uploads\/2023\/01\/qrcode.png\" alt=\"\">\r\n         <\/a>\r\n      <\/div>\r\n      <div class=\"footer__qrcode-content\">\r\n         <p>\r\n            <a class=\"popup-image\" href=\"https:\/\/weblearnbd.net\/wp\/harry\/wp-content\/uploads\/2023\/01\/qrcode.png\">Scan to Download The Themes<\/a>  \r\n         <\/p>\r\n      <\/div>\r\n   <\/div>\r\n<\/div>"}},"footer-2-1":{"custom_html-5":{"title":"","content":"<div class=\"footer__widget footer__widget-4 mb-50 footer-col-4-1\">\r\n   <div class=\"footer__logo\">\r\n      <a href=\"https:\/\/weblearnbd.net\/wp\/harry\/\">\r\n         <img src=\"https:\/\/weblearnbd.net\/wp\/harry\/wp-content\/themes\/harry\/assets\/img\/logo\/logo.svg\" alt=\"\">\r\n      <\/a>\r\n   <\/div>\r\n\r\n   <div class=\"footer__widget-content\">\r\n      <div class=\"footer__info\">\r\n         <p>How you use the city or town name is up to you. All results may be freely used in any work.<\/p>\r\n         \r\n         <div class=\"footer__social-4\">\r\n            <h5>Follow :<\/h5>\r\n            <a href=\"#\"><i class=\"fa-brands fa-facebook-f\"><\/i><\/a>\r\n            <a href=\"#\"><i class=\"fa-brands fa-twitter\"><\/i><\/a>\r\n            <a href=\"#\"><i class=\"fa-brands fa-linkedin-in\"><\/i><\/a>\r\n            <a href=\"#\"><i class=\"fa-brands fa-youtube\"><\/i><\/a>\r\n         <\/div>\r\n      <\/div>\r\n   <\/div>\r\n<\/div>"}},"footer-2-2":{"nav_menu-4":{"title":"Quick Link","nav_menu":70}},"footer-2-3":{"nav_menu-5":{"title":"Resources","nav_menu":71}},"footer-2-4":{"tp-latest-posts-footer-no-thumb-2":{"title":"Trending Post","count":"2","posts_order":"DESC"}},"footer-3-1":{"text-3":{"title":"","text":"<div class=\"footer__logo\"><a href=\"https:\/\/weblearnbd.net\/wp\/harry\/\">\r\n<img src=\"https:\/\/weblearnbd.net\/wp\/harry\/wp-content\/themes\/harry\/assets\/img\/logo\/logo.svg\" alt=\"\" \/>\r\n<\/a><\/div>\r\n<div class=\"footer__subscribe\">\r\n<h3 class=\"footer__subscribe-title\">Let\u2019s talk about your project.<\/h3>\r\n[contact-form-7 id=\"4341\" title=\"photographer-footer-subscribe\"]\r\n\r\n<\/div>","filter":true,"visual":true}},"footer-3-2":{"nav_menu-6":{"title":"Quick Links","nav_menu":70}},"footer-3-3":{"nav_menu-9":{"title":"Resources","nav_menu":71}},"footer-3-4":{"tp-latest-posts-footer-thumb-2":{"title":"Recent Post","count":"2","posts_order":"DESC"}},"footer-4-1":{"custom_html-6":{"title":"","content":"<div class=\"footer__logo\">\r\n      <a href=\"https:\/\/weblearnbd.net\/wp\/harry\/\">\r\n         <img class=\"footer-logo-light\" src=\"https:\/\/weblearnbd.net\/wp\/harry\/wp-content\/themes\/harry\/assets\/img\/logo\/logo.svg\" alt=\"logo\">\r\n         <img class=\"footer-logo-black\" src=\"https:\/\/weblearnbd.net\/wp\/harry\/wp-content\/themes\/harry\/assets\/img\/logo\/logo-black.svg\" alt=\"logo\">\r\n      <\/a>\r\n   <\/div>\r\n\r\n   <div class=\"footer__widget-content\">\r\n      <div class=\"footer__info\">\r\n         <p>We help our clients succeed by creating brand identities, experiences, and print materials. <\/p>\r\n         \r\n         <div class=\"footer__opening d-flex align-items-start\">\r\n            <div class=\"footer__opening-icon mr-15\">\r\n               <span>\r\n                  <svg width=\"37\" height=\"34\" viewbox=\"0 0 37 34\" fill=\"none\" xmlns=\"http:\/\/www.w3.org\/2000\/svg\">\r\n                     <path d=\"M33.7646 9.18399L28.5562 30.095C28.1853 31.6559 26.7944 32.7378 25.187 32.7378H4.87881C2.54507 32.7378 0.875929 30.4503 1.57141 28.2093L8.07806 7.31396C8.52626 5.86117 9.87088 4.85645 11.3855 4.85645H30.3954C31.8637 4.85645 33.0846 5.75286 33.5947 6.98928C33.8883 7.65385 33.9501 8.41122 33.7646 9.18399Z\" stroke=\"currentColor\" stroke-width=\"2\" stroke-miterlimit=\"10\"><\/path>\r\n                     <path d=\"M24.6006 32.7372H31.9882C33.9819 32.7372 35.5429 31.0525 35.4038 29.0588L33.8737 8.00879\" stroke=\"currentColor\" stroke-width=\"2\" stroke-miterlimit=\"10\" stroke-linecap=\"round\" stroke-linejoin=\"round\"><\/path>\r\n                     <path d=\"M14.832 8.59748L16.4394 1.9209\" stroke=\"currentColor\" stroke-width=\"2\" stroke-miterlimit=\"10\" stroke-linecap=\"round\" stroke-linejoin=\"round\"><\/path>\r\n                     <path d=\"M25.1865 8.61182L26.6393 1.9043\" stroke=\"currentColor\" stroke-width=\"2\" stroke-miterlimit=\"10\" stroke-linecap=\"round\" stroke-linejoin=\"round\"><\/path>\r\n                     <path d=\"M11.7715 17.2822H24.1357\" stroke=\"currentColor\" stroke-width=\"2\" stroke-miterlimit=\"10\" stroke-linecap=\"round\" stroke-linejoin=\"round\"><\/path>\r\n                     <path d=\"M10.2266 23.4639H22.5908\" stroke=\"currentColor\" stroke-width=\"2\" stroke-miterlimit=\"10\" stroke-linecap=\"round\" stroke-linejoin=\"round\"><\/path>\r\n                  <\/svg>\r\n               <\/span>\r\n            <\/div>\r\n            <div class=\"footer__opening-content\">\r\n               <h4>Opening Hours<\/h4>\r\n               <p>Mon \u2013 Sat 8:00 \u2013 17:30 Sunday \u2013 CLOSED<\/p>\r\n            <\/div>\r\n         <\/div>\r\n      <\/div>\r\n   <\/div>"}},"footer-4-2":{"nav_menu-8":{"title":"Company","nav_menu":72}},"footer-4-3":{"custom_html-7":{"title":"Get in Touch","content":"<div class=\"footer__info\">\r\n   <div class=\"footer__info-item d-flex align-items-start\">\r\n      <div class=\"footer__info-icon mr-20\">\r\n         <span>\r\n            <svg width=\"16\" height=\"16\" viewbox=\"0 0 16 16\" fill=\"none\" xmlns=\"http:\/\/www.w3.org\/2000\/svg\">\r\n               <path d=\"M14.979 12.431C14.979 12.683 14.923 12.942 14.804 13.194C14.685 13.446 14.531 13.684 14.328 13.908C13.985 14.286 13.607 14.559 13.18 14.734C12.76 14.909 12.305 15 11.815 15C11.101 15 10.338 14.832 9.533 14.489C8.728 14.146 7.923 13.684 7.125 13.103C6.32 12.515 5.557 11.864 4.829 11.143C4.108 10.415 3.457 9.652 2.876 8.854C2.302 8.056 1.84 7.258 1.504 6.467C1.168 5.669 1 4.906 1 4.178C1 3.702 1.084 3.247 1.252 2.827C1.42 2.4 1.686 2.008 2.057 1.658C2.505 1.217 2.995 1 3.513 1C3.709 1 3.905 1.042 4.08 1.126C4.262 1.21 4.423 1.336 4.549 1.518L6.173 3.807C6.299 3.982 6.39 4.143 6.453 4.297C6.516 4.444 6.551 4.591 6.551 4.724C6.551 4.892 6.502 5.06 6.404 5.221C6.313 5.382 6.18 5.55 6.012 5.718L5.48 6.271C5.403 6.348 5.368 6.439 5.368 6.551C5.368 6.607 5.375 6.656 5.389 6.712C5.41 6.768 5.431 6.81 5.445 6.852C5.571 7.083 5.788 7.384 6.096 7.748C6.411 8.112 6.747 8.483 7.111 8.854C7.489 9.225 7.853 9.568 8.224 9.883C8.588 10.191 8.889 10.401 9.127 10.527C9.162 10.541 9.204 10.562 9.253 10.583C9.309 10.604 9.365 10.611 9.428 10.611C9.547 10.611 9.638 10.569 9.715 10.492L10.247 9.967C10.422 9.792 10.59 9.659 10.751 9.575C10.912 9.477 11.073 9.428 11.248 9.428C11.381 9.428 11.521 9.456 11.675 9.519C11.829 9.582 11.99 9.673 12.165 9.792L14.482 11.437C14.664 11.563 14.79 11.71 14.867 11.885C14.937 12.06 14.979 12.235 14.979 12.431Z\" stroke=\"currentColor\" stroke-width=\"1.5\" stroke-miterlimit=\"10\"><\/path>\r\n               <path d=\"M12.5497 5.89986C12.5497 5.47986 12.2207 4.83586 11.7307 4.31086C11.2827 3.82786 10.6877 3.44986 10.0997 3.44986\" stroke=\"currentColor\" stroke-width=\"1.5\" stroke-linecap=\"round\" stroke-linejoin=\"round\"><\/path>\r\n               <path d=\"M14.9997 5.9C14.9997 3.191 12.8087 1 10.0997 1\" stroke=\"currentColor\" stroke-width=\"1.5\" stroke-linecap=\"round\" stroke-linejoin=\"round\"><\/path>\r\n            <\/svg>\r\n         <\/span>\r\n      <\/div>\r\n      <div class=\"footer__info-text\">\r\n         <h4>Call us:<\/h4>\r\n         <a href=\"tel:012-345-6789\">+964 742 44 763<\/a>\r\n      <\/div>\r\n   <\/div>\r\n   <div class=\"footer__info-item d-flex align-items-start\">\r\n      <div class=\"footer__info-icon mr-20\">\r\n         <span>\r\n            <svg width=\"16\" height=\"14\" viewbox=\"0 0 16 14\" fill=\"none\" xmlns=\"http:\/\/www.w3.org\/2000\/svg\">\r\n               <path d=\"M11.5 12.9H4.5C2.4 12.9 1 11.85 1 9.4V4.5C1 2.05 2.4 1 4.5 1H11.5C13.6 1 15 2.05 15 4.5V9.4C15 11.85 13.6 12.9 11.5 12.9Z\" stroke=\"currentColor\" stroke-width=\"1.5\" stroke-miterlimit=\"10\" stroke-linecap=\"round\" stroke-linejoin=\"round\"><\/path>\r\n               <path d=\"M11.5 4.85059L9.309 6.60059C8.588 7.17459 7.405 7.17459 6.684 6.60059L4.5 4.85059\" stroke=\"currentColor\" stroke-width=\"1.5\" stroke-miterlimit=\"10\" stroke-linecap=\"round\" stroke-linejoin=\"round\"><\/path>\r\n            <\/svg>\r\n         <\/span>\r\n      <\/div>\r\n      <div class=\"footer__info-text\">\r\n         <h4>Email us:<\/h4>\r\n         <a href=\"mailto:support@gmail.com\">harry@agency.com<\/a>\r\n      <\/div>\r\n   <\/div>\r\n   <div class=\"footer__info-item d-flex align-items-start\">\r\n      <div class=\"footer__info-icon mr-20\">\r\n         <span>\r\n            <svg width=\"16\" height=\"18\" viewbox=\"0 0 16 18\" fill=\"none\" xmlns=\"http:\/\/www.w3.org\/2000\/svg\">\r\n               <path d=\"M8.1121 10.1466C9.53315 10.1466 10.6851 9.02879 10.6851 7.64994C10.6851 6.2711 9.53315 5.15332 8.1121 5.15332C6.69105 5.15332 5.53906 6.2711 5.53906 7.64994C5.53906 9.02879 6.69105 10.1466 8.1121 10.1466Z\" stroke=\"currentColor\" stroke-width=\"1.5\"><\/path>\r\n               <path d=\"M1.2002 6.1933C2.82484 -0.736432 13.4057 -0.72843 15.022 6.2013C15.9704 10.2663 13.3644 13.7072 11.08 15.8357C9.42239 17.3881 6.79986 17.3881 5.13398 15.8357C2.85783 13.7072 0.251802 10.2583 1.2002 6.1933Z\" stroke=\"currentColor\" stroke-width=\"1.5\"><\/path>\r\n            <\/svg>                                             \r\n         <\/span>\r\n      <\/div>\r\n      <div class=\"footer__info-text\">\r\n         <h4>Office:<\/h4>\r\n         <a target=\"_blank\" href=\"https:\/\/www.google.com\/maps\/place\/Orville+St,+La+Presa,+CA+91977,+USA\/@32.7092048,-117.0082772,17z\/data=!3m1!4b1!4m5!3m4!1s0x80d9508a9aec8cd1:0x72d1ac1c9527b705!8m2!3d32.7092003!4d-117.0060885\">Orville Road Apt. California, UK<\/a>\r\n      <\/div>\r\n   <\/div>\r\n<\/div>"}},"footer-5-1":{"custom_html-9":{"title":"","content":"<div class=\"footer__widget-6 mb-50 footer-col-6-1\">\r\n   <div class=\"footer__logo\">\r\n      <a href=\"https:\/\/weblearnbd.net\/wp\/\">\r\n         <img src=\"https:\/\/weblearnbd.net\/wp\/harry\/wp-content\/themes\/harry\/assets\/img\/logo\/logo.svg\" alt=\"\">\r\n      <\/a>\r\n   <\/div>\r\n\r\n   <div class=\"footer__widget-content\">\r\n      <div class=\"footer__info\">\r\n         <p>Qui magni autem id omnis assumenda ut maxime Quis sed voluptatum modi, omnis tenetur est.<\/p>\r\n         \r\n         <a href=\"https:\/\/weblearnbd.net\/wp\/harry\/job-list\/\" class=\"tp-link-btn-2 tp-link-btn-white\">\r\n            We are Hiring\r\n            <span>\r\n               <i class=\"fa-regular fa-arrow-right\"><\/i>\r\n            <\/span>\r\n         <\/a>\r\n      <\/div>\r\n   <\/div>\r\n<\/div>"}},"footer-5-2":{"nav_menu-12":{"title":"Quick Link","nav_menu":70}},"footer-5-3":{"nav_menu-13":{"title":"Resources","nav_menu":71}},"footer-5-4":{"custom_html-10":{"title":"Contact Us","content":"<div class=\"footer__widget-content\">\r\n   <div class=\"footer__info\">\r\n      <div class=\"footer__info-item-6 d-flex align-items-start\">\r\n         <div class=\"footer__info-icon-6 mr-20\">\r\n            <span>\r\n               <svg width=\"16\" height=\"18\" viewbox=\"0 0 16 18\" fill=\"none\" xmlns=\"http:\/\/www.w3.org\/2000\/svg\">\r\n                  <path d=\"M8.1121 10.1466C9.53315 10.1466 10.6851 9.02879 10.6851 7.64994C10.6851 6.2711 9.53315 5.15332 8.1121 5.15332C6.69105 5.15332 5.53906 6.2711 5.53906 7.64994C5.53906 9.02879 6.69105 10.1466 8.1121 10.1466Z\" stroke=\"white\" stroke-width=\"1.5\"><\/path>\r\n                  <path d=\"M1.2002 6.1933C2.82484 -0.736432 13.4057 -0.72843 15.022 6.2013C15.9704 10.2663 13.3644 13.7072 11.08 15.8357C9.42239 17.3881 6.79986 17.3881 5.13398 15.8357C2.85783 13.7072 0.251802 10.2583 1.2002 6.1933Z\" stroke=\"white\" stroke-width=\"1.5\"><\/path>\r\n               <\/svg>\r\n            <\/span>\r\n         <\/div>\r\n         <div class=\"footer__info-text-6\">\r\n            <a target=\"_blank\" href=\"https:\/\/www.google.com\/maps\/place\/Orville+St,+La+Presa,+CA+91977,+USA\/@32.7092048,-117.0082772,17z\/data=!3m1!4b1!4m5!3m4!1s0x80d9508a9aec8cd1:0x72d1ac1c9527b705!8m2!3d32.7092003!4d-117.0060885\">711-2880 Nulla St.<\/a>\r\n         <\/div>\r\n      <\/div>\r\n      <div class=\"footer__info-item-6 d-flex align-items-start\">\r\n         <div class=\"footer__info-icon-6 mr-20\">\r\n            <span>\r\n               <svg width=\"16\" height=\"14\" viewbox=\"0 0 16 14\" fill=\"none\" xmlns=\"http:\/\/www.w3.org\/2000\/svg\">\r\n                  <path d=\"M11.5 12.9H4.5C2.4 12.9 1 11.85 1 9.4V4.5C1 2.05 2.4 1 4.5 1H11.5C13.6 1 15 2.05 15 4.5V9.4C15 11.85 13.6 12.9 11.5 12.9Z\" stroke=\"white\" stroke-width=\"1.5\" stroke-miterlimit=\"10\" stroke-linecap=\"round\" stroke-linejoin=\"round\"><\/path>\r\n                  <path d=\"M11.5 4.85059L9.309 6.60059C8.588 7.17459 7.405 7.17459 6.684 6.60059L4.5 4.85059\" stroke=\"white\" stroke-width=\"1.5\" stroke-miterlimit=\"10\" stroke-linecap=\"round\" stroke-linejoin=\"round\"><\/path>\r\n               <\/svg>\r\n            <\/span>\r\n         <\/div>\r\n         <div class=\"footer__info-text-6\">\r\n            <a href=\"mailto:example@gmail.com\">example@gmail.com<\/a>\r\n         <\/div>\r\n      <\/div>\r\n      <div class=\"footer__info-item-6 d-flex align-items-start\">\r\n         <div class=\"footer__info-icon-6 mr-20\">\r\n            <span>\r\n               <svg width=\"16\" height=\"16\" viewbox=\"0 0 16 16\" fill=\"none\" xmlns=\"http:\/\/www.w3.org\/2000\/svg\">\r\n                  <path d=\"M14.979 12.431C14.979 12.683 14.923 12.942 14.804 13.194C14.685 13.446 14.531 13.684 14.328 13.908C13.985 14.286 13.607 14.559 13.18 14.734C12.76 14.909 12.305 15 11.815 15C11.101 15 10.338 14.832 9.533 14.489C8.728 14.146 7.923 13.684 7.125 13.103C6.32 12.515 5.557 11.864 4.829 11.143C4.108 10.415 3.457 9.652 2.876 8.854C2.302 8.056 1.84 7.258 1.504 6.467C1.168 5.669 1 4.906 1 4.178C1 3.702 1.084 3.247 1.252 2.827C1.42 2.4 1.686 2.008 2.057 1.658C2.505 1.217 2.995 1 3.513 1C3.709 1 3.905 1.042 4.08 1.126C4.262 1.21 4.423 1.336 4.549 1.518L6.173 3.807C6.299 3.982 6.39 4.143 6.453 4.297C6.516 4.444 6.551 4.591 6.551 4.724C6.551 4.892 6.502 5.06 6.404 5.221C6.313 5.382 6.18 5.55 6.012 5.718L5.48 6.271C5.403 6.348 5.368 6.439 5.368 6.551C5.368 6.607 5.375 6.656 5.389 6.712C5.41 6.768 5.431 6.81 5.445 6.852C5.571 7.083 5.788 7.384 6.096 7.748C6.411 8.112 6.747 8.483 7.111 8.854C7.489 9.225 7.853 9.568 8.224 9.883C8.588 10.191 8.889 10.401 9.127 10.527C9.162 10.541 9.204 10.562 9.253 10.583C9.309 10.604 9.365 10.611 9.428 10.611C9.547 10.611 9.638 10.569 9.715 10.492L10.247 9.967C10.422 9.792 10.59 9.659 10.751 9.575C10.912 9.477 11.073 9.428 11.248 9.428C11.381 9.428 11.521 9.456 11.675 9.519C11.829 9.582 11.99 9.673 12.165 9.792L14.482 11.437C14.664 11.563 14.79 11.71 14.867 11.885C14.937 12.06 14.979 12.235 14.979 12.431Z\" stroke=\"white\" stroke-width=\"1.5\" stroke-miterlimit=\"10\"><\/path>\r\n                  <path d=\"M12.5497 5.89986C12.5497 5.47986 12.2207 4.83586 11.7307 4.31086C11.2827 3.82786 10.6877 3.44986 10.0997 3.44986\" stroke=\"white\" stroke-width=\"1.5\" stroke-linecap=\"round\" stroke-linejoin=\"round\"><\/path>\r\n                  <path d=\"M14.9997 5.9C14.9997 3.191 12.8087 1 10.0997 1\" stroke=\"white\" stroke-width=\"1.5\" stroke-linecap=\"round\" stroke-linejoin=\"round\"><\/path>\r\n               <\/svg>\r\n            <\/span>\r\n         <\/div>\r\n         <div class=\"footer__info-text-6\">\r\n            <a href=\"tel:012-345-6789\">+964 742 44 763<\/a>\r\n         <\/div>\r\n      <\/div>\r\n   <\/div>\r\n   <div class=\"footer__social-6\">\r\n      <a href=\"#\"><i class=\"fa-brands fa-facebook-f\"><\/i><\/a>\r\n      <a href=\"#\"><i class=\"fa-brands fa-twitter\"><\/i><\/a>\r\n      <a href=\"#\"><i class=\"fa-brands fa-linkedin-in\"><\/i><\/a>\r\n      <a href=\"#\"><i class=\"fa-brands fa-youtube\"><\/i><\/a>\r\n   <\/div>\r\n<\/div>"}},"footer-6-1":{"custom_html-8":{"title":"","content":"   <div class=\"footer__logo\">\r\n      <a href=\"https:\/\/weblearnbd.net\/wp\/harry\/\">\r\n         <img src=\"https:\/\/weblearnbd.net\/wp\/harry\/wp-content\/themes\/harry\/assets\/img\/logo\/logo.svg\" alt=\"\">\r\n      <\/a>\r\n   <\/div>\r\n\r\n   <div class=\"footer__widget-content\">\r\n      <div class=\"footer__info\">\r\n         <p>The home and elements needed to create beautiful products.<\/p>\r\n         \r\n         <div class=\"footer__contact\">\r\n            <div class=\"footer__contact-call\">\r\n               <span><a href=\"tel:624-423-26-72\"><i class=\"fa-solid fa-phone\"><\/i> +624 423 26 72<\/a><\/span>\r\n            <\/div>\r\n            <div class=\"footer__contact-mail\">\r\n               <span><a href=\"mailto:support@harry.com\">support@harry.com<\/a><\/span>\r\n            <\/div>\r\n         <\/div>\r\n         <div class=\"footer__social\">\r\n            <a href=\"#\"><i class=\"fa-brands fa-facebook-f\"><\/i><\/a>\r\n            <a href=\"#\"><i class=\"fa-brands fa-twitter\"><\/i><\/a>\r\n            <a href=\"#\"><i class=\"fa-brands fa-linkedin-in\"><\/i><\/a>\r\n            <a href=\"#\"><i class=\"fa-brands fa-youtube\"><\/i><\/a>\r\n         <\/div>\r\n      <\/div>\r\n   <\/div>"}},"footer-6-2":{"nav_menu-10":{"title":"Quick Link","nav_menu":70}},"footer-6-3":{"nav_menu-11":{"title":"Resources","nav_menu":71}},"footer-6-4":{"text-4":{"title":"Newsletter","text":"<div class=\"footer__subscribe-7\">\r\n   <p>Subscribe our newsletter to get the latest news &amp; updates.<\/p>\r\n[contact-form-7 id=\"4344\" title=\"startup-footer-subscribe\"]\r\n<\/div>\r\n\r\n","filter":true,"visual":true}},"footer-7-1":{"custom_html-11":{"title":"","content":"<div class=\"footer__widget footer__widget-8 mb-50 footer-col-8-1\">\r\n<div class=\"footer__logo\">\r\n   <a href=\"https:\/\/weblearnbd.net\/wp\/\">\r\n      <img src=\"https:\/\/weblearnbd.net\/wp\/harry\/wp-content\/themes\/harry\/assets\/img\/logo\/logo.svg\" alt=\"\">\r\n   <\/a>\r\n<\/div>\r\n\r\n<div class=\"footer__widget-content\">\r\n   <div class=\"footer__info-8\">\r\n      <p>Through a unique combination of engineering expertise.<\/p>\r\n      <div class=\"footer__info-item-8 d-flex align-items-start\">\r\n         <div class=\"footer__info-icon-8 mr-20\">\r\n            <span>\r\n               <svg width=\"22\" height=\"20\" viewbox=\"0 0 22 20\" fill=\"none\" xmlns=\"http:\/\/www.w3.org\/2000\/svg\">\r\n                  <path d=\"M16 19H6C3 19 1 17.4118 1 13.7059V6.29412C1 2.58824 3 1 6 1H16C19 1 21 2.58824 21 6.29412V13.7059C21 17.4118 19 19 16 19Z\" stroke=\"currentColor\" stroke-width=\"1.5\" stroke-miterlimit=\"10\" stroke-linecap=\"round\" stroke-linejoin=\"round\"><\/path>\r\n                  <path d=\"M16 6.82422L12.87 9.47128C11.84 10.3395 10.15 10.3395 9.12 9.47128L6 6.82422\" stroke=\"currentColor\" stroke-width=\"1.5\" stroke-miterlimit=\"10\" stroke-linecap=\"round\" stroke-linejoin=\"round\"><\/path>\r\n               <\/svg>                                                                                         \r\n            <\/span>\r\n         <\/div>\r\n         <div class=\"footer__info-text-8\">\r\n            <h4>Email us:<\/h4>\r\n            <a href=\"mailto:contact@harry.com\">Contact@harry.com<\/a>\r\n         <\/div>\r\n      <\/div>\r\n      <div class=\"footer__info-item-8 d-flex align-items-start\">\r\n         <div class=\"footer__info-icon-8 mr-20\">\r\n            <span>\r\n               <svg width=\"20\" height=\"20\" viewbox=\"0 0 20 20\" fill=\"none\" xmlns=\"http:\/\/www.w3.org\/2000\/svg\">\r\n                  <path d=\"M18.973 15.697C18.973 16.021 18.901 16.354 18.748 16.678C18.595 17.002 18.397 17.308 18.136 17.596C17.695 18.082 17.209 18.433 16.66 18.658C16.12 18.883 15.535 19 14.905 19C13.987 19 13.006 18.784 11.971 18.343C10.936 17.902 9.901 17.308 8.875 16.561C7.84 15.805 6.859 14.968 5.923 14.041C4.996 13.105 4.159 12.124 3.412 11.098C2.674 10.072 2.08 9.046 1.648 8.029C1.216 7.003 1 6.022 1 5.086C1 4.474 1.108 3.889 1.324 3.349C1.54 2.8 1.882 2.296 2.359 1.846C2.935 1.279 3.565 1 4.231 1C4.483 1 4.735 1.054 4.96 1.162C5.194 1.27 5.401 1.432 5.563 1.666L7.651 4.609C7.813 4.834 7.93 5.041 8.011 5.239C8.092 5.428 8.137 5.617 8.137 5.788C8.137 6.004 8.074 6.22 7.948 6.427C7.831 6.634 7.66 6.85 7.444 7.066L6.76 7.777C6.661 7.876 6.616 7.993 6.616 8.137C6.616 8.209 6.625 8.272 6.643 8.344C6.67 8.416 6.697 8.47 6.715 8.524C6.877 8.821 7.156 9.208 7.552 9.676C7.957 10.144 8.389 10.621 8.857 11.098C9.343 11.575 9.811 12.016 10.288 12.421C10.756 12.817 11.143 13.087 11.449 13.249C11.494 13.267 11.548 13.294 11.611 13.321C11.683 13.348 11.755 13.357 11.836 13.357C11.989 13.357 12.106 13.303 12.205 13.204L12.889 12.529C13.114 12.304 13.33 12.133 13.537 12.025C13.744 11.899 13.951 11.836 14.176 11.836C14.347 11.836 14.527 11.872 14.725 11.953C14.923 12.034 15.13 12.151 15.355 12.304L18.334 14.419C18.568 14.581 18.73 14.77 18.829 14.995C18.919 15.22 18.973 15.445 18.973 15.697Z\" stroke=\"currentColor\" stroke-width=\"1.5\" stroke-miterlimit=\"10\"><\/path>\r\n                  <path opacity=\"0.4\" d=\"M15.8492 7.30039C15.8492 6.76039 15.4262 5.93239 14.7962 5.25739C14.2202 4.63639 13.4552 4.15039 12.6992 4.15039\" stroke=\"currentColor\" stroke-width=\"1.5\" stroke-linecap=\"round\" stroke-linejoin=\"round\"><\/path>\r\n                  <path opacity=\"0.4\" d=\"M18.9992 7.3C18.9992 3.817 16.1822 1 12.6992 1\" stroke=\"currentColor\" stroke-width=\"1.5\" stroke-linecap=\"round\" stroke-linejoin=\"round\"><\/path>\r\n               <\/svg>                                             \r\n            <\/span>\r\n         <\/div>\r\n         <div class=\"footer__info-text-8\">\r\n            <h4>Call us:<\/h4>\r\n            <a href=\"tel:012-345-6789\">+624 423 26 72<\/a>\r\n         <\/div>\r\n      <\/div>\r\n   <\/div>\r\n<\/div>\r\n<\/div>"}},"footer-7-2":{"nav_menu-14":{"title":"Quick Links","nav_menu":70}},"footer-7-3":{"nav_menu-15":{"title":"Resources","nav_menu":71}},"footer-7-4":{"text-6":{"title":"Newsletter","text":"<div class=\"footer__widget-content\">\r\n   <div class=\"footer__subscribe-8\">\r\n      <p>Register now to get latest updates Promotion &amp; Coupons<\/p>\r\n      [contact-form-7 id=\"4355\" title=\"architechture-footer-subscribe\"]\r\n   <\/div>\r\n<\/div>","filter":true,"visual":true}},"footer-8-1":{"custom_html-13":{"title":"","content":"<div class=\"footer__logo\">\r\n   <a href=\"https:\/\/weblearnbd.net\/wp\/harry\/\">\r\n      <img src=\"https:\/\/weblearnbd.net\/wp\/harry\/wp-content\/themes\/harry\/assets\/img\/logo\/logo.svg\" alt=\"\">\r\n   <\/a>\r\n<\/div>\r\n\r\n<div class=\"footer__widget-content\">\r\n   <div class=\"footer__info\">\r\n      <p>Lorem ipsum is simply dolor sit ametcn sectetur adipiscing elit. Phasellus vehic sagittis <br> euismod.<\/p>\r\n      \r\n      <div class=\"footer__social-10\">\r\n         <a href=\"#\"><i class=\"fa-brands fa-facebook-f\"><\/i><\/a>\r\n         <a href=\"#\"><i class=\"fa-brands fa-twitter\"><\/i><\/a>\r\n         <a href=\"#\"><i class=\"fa-brands fa-linkedin-in\"><\/i><\/a>\r\n         <a href=\"#\"><i class=\"fa-brands fa-youtube\"><\/i><\/a>\r\n      <\/div>\r\n   <\/div>\r\n<\/div>"}},"footer-8-2":{"custom_html-14":{"title":"Contact Us","content":"<div class=\"footer__widget-content\">\r\n   <div class=\"footer__info footer__info-10\">\r\n      <div class=\"footer__info-item-8 d-flex align-items-start\">\r\n         <div class=\"footer__info-icon-8 mr-20\">\r\n            <span>\r\n               <svg width=\"22\" height=\"20\" viewbox=\"0 0 22 20\" fill=\"none\" xmlns=\"http:\/\/www.w3.org\/2000\/svg\">\r\n                  <path d=\"M16 19H6C3 19 1 17.4118 1 13.7059V6.29412C1 2.58824 3 1 6 1H16C19 1 21 2.58824 21 6.29412V13.7059C21 17.4118 19 19 16 19Z\" stroke=\"currentColor\" stroke-width=\"1.5\" stroke-miterlimit=\"10\" stroke-linecap=\"round\" stroke-linejoin=\"round\"><\/path>\r\n                  <path opacity=\"0.4\" d=\"M16 6.82422L12.87 9.47128C11.84 10.3395 10.15 10.3395 9.12 9.47128L6 6.82422\" stroke=\"currentColor\" stroke-width=\"1.5\" stroke-miterlimit=\"10\" stroke-linecap=\"round\" stroke-linejoin=\"round\"><\/path>\r\n               <\/svg>                                                                                         \r\n            <\/span>\r\n         <\/div>\r\n         <div class=\"footer__info-text-8\">\r\n            <h4>Email us:<\/h4>\r\n            <a href=\"mailto:Contact@harry.com\">Contact@harry.com<\/a>\r\n         <\/div>\r\n      <\/div>\r\n      <div class=\"footer__info-item-8 d-flex align-items-start\">\r\n         <div class=\"footer__info-icon-8 mr-20\">\r\n            <span>\r\n               <svg width=\"20\" height=\"20\" viewbox=\"0 0 20 20\" fill=\"none\" xmlns=\"http:\/\/www.w3.org\/2000\/svg\">\r\n                  <path d=\"M18.9721 15.6963C18.9721 16.0203 18.9001 16.3533 18.7471 16.6772C18.5941 17.0012 18.3962 17.3072 18.1352 17.5952C17.6942 18.0812 17.2082 18.4322 16.6592 18.6571C16.1193 18.8821 15.5343 18.9991 14.9043 18.9991C13.9864 18.9991 13.0054 18.7831 11.9705 18.3422C10.9355 17.9012 9.90057 17.3072 8.87462 16.5602C7.83967 15.8043 6.85871 14.9673 5.92276 14.0404C4.99581 13.1044 4.15885 12.1235 3.41188 11.0975C2.67392 10.0716 2.07995 9.04561 1.64797 8.02866C1.21599 7.00271 1 6.02176 1 5.0858C1 4.47383 1.10799 3.88886 1.32398 3.34889C1.53997 2.79991 1.88196 2.29594 2.35893 1.84596C2.93491 1.27899 3.56488 1 4.23084 1C4.48283 1 4.73482 1.054 4.95981 1.16199C5.1938 1.26999 5.40079 1.43198 5.56278 1.66597L7.65068 4.60882C7.81267 4.83381 7.92966 5.0408 8.01066 5.23879C8.09165 5.42778 8.13665 5.61677 8.13665 5.78777C8.13665 6.00376 8.07366 6.21975 7.94766 6.42674C7.83067 6.63372 7.65968 6.84971 7.44369 7.0657L6.75972 7.77667C6.66072 7.87566 6.61573 7.99266 6.61573 8.13665C6.61573 8.20865 6.62473 8.27165 6.64273 8.34364C6.66972 8.41564 6.69672 8.46964 6.71472 8.52363C6.87671 8.82062 7.1557 9.2076 7.55168 9.67558C7.95666 10.1436 8.38864 10.6205 8.85662 11.0975C9.34259 11.5745 9.81057 12.0155 10.2875 12.4204C10.7555 12.8164 11.1425 13.0864 11.4485 13.2484C11.4935 13.2664 11.5475 13.2934 11.6105 13.3204C11.6825 13.3474 11.7545 13.3564 11.8355 13.3564C11.9885 13.3564 12.1055 13.3024 12.2045 13.2034L12.8884 12.5284C13.1134 12.3034 13.3294 12.1325 13.5364 12.0245C13.7434 11.8985 13.9504 11.8355 14.1754 11.8355C14.3463 11.8355 14.5263 11.8715 14.7243 11.9525C14.9223 12.0335 15.1293 12.1505 15.3543 12.3034L18.3332 14.4183C18.5671 14.5803 18.7291 14.7693 18.8281 14.9943C18.9181 15.2193 18.9721 15.4443 18.9721 15.6963Z\" stroke=\"currentColor\" stroke-width=\"1.5\" stroke-miterlimit=\"10\"><\/path>\r\n                  <path opacity=\"0.4\" d=\"M15.8491 7.30024C15.8491 6.76026 15.4261 5.9323 14.7961 5.25734C14.2201 4.63637 13.4552 4.15039 12.6992 4.15039\" stroke=\"currentColor\" stroke-width=\"1.5\" stroke-linecap=\"round\" stroke-linejoin=\"round\"><\/path>\r\n                  <path opacity=\"0.4\" d=\"M19.0009 7.29969C19.0009 3.81686 16.184 1 12.7012 1\" stroke=\"currentColor\" stroke-width=\"1.5\" stroke-linecap=\"round\" stroke-linejoin=\"round\"><\/path>\r\n               <\/svg>                                                                                                                                    \r\n            <\/span>\r\n         <\/div>\r\n         <div class=\"footer__info-text-8\">\r\n            <h4>Call us:<\/h4>\r\n            <a href=\"tel:964-742-44-763\">+964 742 44 763<\/a>\r\n         <\/div>\r\n      <\/div>\r\n      <div class=\"footer__info-item-8 d-flex align-items-start\">\r\n         <div class=\"footer__info-icon-8 mr-20\">\r\n            <span>\r\n               <svg width=\"21\" height=\"23\" viewbox=\"0 0 21 23\" fill=\"none\" xmlns=\"http:\/\/www.w3.org\/2000\/svg\">\r\n                  <path opacity=\"0.4\" d=\"M10.3776 12.931C12.1761 12.931 13.6341 11.473 13.6341 9.67447C13.6341 7.87596 12.1761 6.41797 10.3776 6.41797C8.57908 6.41797 7.12109 7.87596 7.12109 9.67447C7.12109 11.473 8.57908 12.931 10.3776 12.931Z\" stroke=\"currentColor\" stroke-width=\"1.5\"><\/path>\r\n                  <path d=\"M1.63033 7.77395C3.68652 -1.26494 17.0779 -1.2545 19.1236 7.78439C20.3239 13.0866 17.0257 17.5748 14.1345 20.3512C12.0365 22.376 8.7174 22.376 6.60903 20.3512C3.72827 17.5748 0.430016 13.0762 1.63033 7.77395Z\" stroke=\"currentColor\" stroke-width=\"1.5\"><\/path>\r\n               <\/svg>                                                                                                                                                                                                                             \r\n            <\/span>\r\n         <\/div>\r\n         <div class=\"footer__info-text-8\">\r\n            <h4>Address:<\/h4>\r\n            <a target=\"_blank\" href=\"https:\/\/www.google.com\/maps\/place\/Orville+St,+La+Presa,+CA+91977,+USA\/@32.7092048,-117.0082772,17z\/data=!3m1!4b1!4m5!3m4!1s0x80d9508a9aec8cd1:0x72d1ac1c9527b705!8m2!3d32.7092003!4d-117.0060885\">4200, lorem street, <br> chicago, IL, 55<\/a>\r\n         <\/div>\r\n      <\/div>\r\n   <\/div>\r\n<\/div>"}},"footer-8-3":{"nav_menu-16":{"title":"Quick Link","nav_menu":70}},"footer-8-4":{"wpzoom_instagram_widget-2":{"title":"Photo Gallery","button_text":"","image-limit":6,"images-per-row":3,"image-width":120,"image-spacing":10,"image-resolution":"low_resolution","username":"","show-view-on-instagram-button":false,"show-counts-on-hover":false,"show-user-info":false,"show-user-bio":false,"lazy-load-images":false,"disable-video-thumbs":false,"display-media-type-icons":false,"lightbox":true}},"footer-9-1":{"custom_html-15":{"title":"","content":"<div class=\"footer__logo\">\r\n   <a href=\"https:\/\/weblearnbd.net\/wp\/\">\r\n      <img src=\"https:\/\/weblearnbd.net\/wp\/harry\/wp-content\/themes\/harry\/assets\/img\/logo\/logo-black.svg\" alt=\"\">\r\n   <\/a>\r\n<\/div>\r\n\r\n<div class=\"footer__widget-content\">\r\n   <div class=\"footer__info\">\r\n      <p>The home and elements needed to create beautiful products.<\/p>\r\n      <div class=\"footer__social footer__social-11\">\r\n         <a href=\"#\"><i class=\"fa-brands fa-facebook-f\"><\/i><\/a>\r\n         <a href=\"#\"><i class=\"fa-brands fa-twitter\"><\/i><\/a>\r\n         <a href=\"#\"><i class=\"fa-brands fa-linkedin-in\"><\/i><\/a>\r\n         <a href=\"#\"><i class=\"fa-brands fa-youtube\"><\/i><\/a>\r\n      <\/div>\r\n   <\/div>\r\n<\/div>"}},"footer-9-2":{"nav_menu-17":{"title":"Quick Links","nav_menu":70}},"footer-9-3":{"nav_menu-18":{"title":"Resources","nav_menu":71}},"footer-9-4":{"nav_menu-19":{"title":"Support","nav_menu":73}},"footer-9-5":{"custom_html-16":{"title":"Talk To Us","content":"<p class=\"footer__text\">Find a location nearest you. See <a href=\"#\">Our Stores<\/a><\/p>\r\n<div class=\"footer__contact\">\r\n   <div class=\"footer__contact-call\">\r\n      <span><a href=\"tel:624-423-26-72\">+624 423 26 72<\/a><\/span>\r\n   <\/div>\r\n   <div class=\"footer__contact-mail\">\r\n      <span><a href=\"mailto:support@harry.com\">support@harry.com<\/a><\/span>\r\n   <\/div>\r\n<\/div>"}},"footer-12-1":{"text-8":{"title":"","text":"<div class=\"footer__logo\"><a href=\"https:\/\/weblearnbd.net\/wp\/harry\/\">\r\n<img src=\"https:\/\/weblearnbd.net\/wp\/harry\/wp-content\/themes\/harry\/assets\/img\/logo\/logo.svg\" alt=\"\" \/>\r\n<\/a><\/div>\r\n<div class=\"footer__subscribe\">\r\n<h3 class=\"footer__subscribe-title\">Let\u2019s talk about your project.<\/h3>\r\n[contact-form-7 id=\"4341\" title=\"photographer-footer-subscribe\"]\r\n\r\n<\/div>","filter":true,"visual":true}},"footer-12-2":{"nav_menu-20":{"title":"Quick Link","nav_menu":70}},"footer-12-3":{"nav_menu-21":{"title":"Resources","nav_menu":71}},"footer-12-4":{"custom_html-18":{"title":"Contact","content":"<div class=\"footer__contact\">\r\n   <div class=\"footer__contact-call\">\r\n      <span><a href=\"tel:624-423-26-72\"><i class=\"fa-solid fa-phone\"><\/i> +624 423 26 72<\/a><\/span>\r\n   <\/div>\r\n   <div class=\"footer__contact-mail\">\r\n      <span><a href=\"mailto:support@harry.com\">support@harry.com<\/a><\/span>\r\n   <\/div>\r\n<\/div>\r\n\r\n<div class=\"footer__social\">\r\n   <a href=\"#\"><i class=\"fa-brands fa-facebook-f\"><\/i><\/a>\r\n   <a href=\"#\"><i class=\"fa-brands fa-twitter\"><\/i><\/a>\r\n   <a href=\"#\"><i class=\"fa-brands fa-linkedin-in\"><\/i><\/a>\r\n   <a href=\"#\"><i class=\"fa-brands fa-youtube\"><\/i><\/a>\r\n<\/div>"}},"give-forms-sidebar":{"tp-services-list-2":{"title":"","count":"5","posts_order":"DESC"},"tp_service_sidebar_widget-2":{"title":"Get a free quote","subscribe_style":"","mailchimp_shortcode":"[contact-form-7 id=\"3706\" title=\"service-sidebar-contact\"]","mailchimp_text":"","social_heading":"","facebook":"","twitter":"","instagram":"","youtube":"","linkedin":""},"custom_html-2":{"title":"","content":"<div class=\"services__contact-info\">\r\n   <div class=\"services__contact-info-item d-flex align-items-center\">\r\n      <div class=\"services__contact-info-icon\">\r\n         <span>\r\n            <svg width=\"32\" height=\"32\" viewbox=\"0 0 32 32\" fill=\"none\" xmlns=\"http:\/\/www.w3.org\/2000\/svg\">\r\n               <path d=\"M19.582 6.74489C20.9848 7.01859 22.2741 7.70466 23.2847 8.7153C24.2953 9.72594 24.9814 11.0152 25.2551 12.418M19.582 1C22.4965 1.32378 25.2143 2.62893 27.2891 4.70116C29.364 6.77339 30.6726 9.48953 31 12.4036M29.5638 23.8647V28.1733C29.5654 28.5733 29.4835 28.9693 29.3232 29.3357C29.163 29.7022 28.928 30.0312 28.6332 30.3016C28.3385 30.572 27.9905 30.7779 27.6116 30.9061C27.2327 31.0342 26.8312 31.0818 26.4328 31.0458C22.0133 30.5656 17.7681 29.0554 14.0382 26.6366C10.568 24.4315 7.62595 21.4894 5.42086 18.0192C2.99361 14.2724 1.48309 10.0065 1.01166 5.56719C0.975767 5.17003 1.02297 4.76974 1.15025 4.39182C1.27754 4.0139 1.48212 3.66662 1.75098 3.3721C2.01983 3.07757 2.34706 2.84226 2.71185 2.68113C3.07663 2.52 3.47096 2.4366 3.86974 2.43622H8.17841C8.87542 2.42936 9.55114 2.67619 10.0796 3.13068C10.6081 3.58518 10.9533 4.21635 11.0509 4.90653C11.2327 6.2854 11.57 7.63927 12.0562 8.94231C12.2494 9.45637 12.2913 10.0151 12.1767 10.5521C12.0622 11.0892 11.7961 11.5823 11.4099 11.9727L9.58591 13.7967C11.6305 17.3924 14.6076 20.3695 18.2033 22.4141L20.0273 20.5901C20.4177 20.2039 20.9108 19.9378 21.4478 19.8233C21.9849 19.7087 22.5436 19.7506 23.0577 19.9438C24.3607 20.43 25.7146 20.7673 27.0935 20.9491C27.7911 21.0476 28.4283 21.399 28.8838 21.9365C29.3392 22.4741 29.5813 23.1603 29.5638 23.8647Z\" stroke=\"currentColor\" stroke-width=\"1.5\" stroke-linecap=\"round\" stroke-linejoin=\"round\"><\/path>\r\n            <\/svg>                                       \r\n         <\/span>\r\n      <\/div>\r\n      <div class=\"services__contact-info-content\">\r\n         <span>Toll Free Call Center:<\/span>\r\n         <h4><a href=\"tel:+964-742-44-763\">+964 742 44 763<\/a><\/h4>\r\n      <\/div>\r\n   <\/div>\r\n<\/div>"}}}